COMMAND,ZIPREF,ZIPCODE
"-z",1420,"01420"
"-z",1524,"01524"
"-z",1527,"01527"
"-z",1527,"01527"
"-z",1702,"01702"
"-z",1923,"01923"
"-z",2131,"02131"
"-z",2375,"02375"
"-z",2478,"02478"
"-z",2703,"02703"
"-z",2745,"02745"
"-z",2860,"02860"
"-z",2888,"02888"
"-z",2919,"02919"
"-z",3246,"03246"
"-z",3276,"03276"
"-z",3570,"03570"
"-z",3598,"03598"
"-z",3872,"03872"
"-z",4005,"04005"
"-z",4239,"04239"
"-z",4254,"04254"
"-z",4401,"04401"
"-z",4401,"04401"
"-z",4411,"04411"
"-z",4414,"04414"
"-z",4414,"04414"
"-z",4422,"04422"
"-z",4430,"04430"
"-z",4434,"04434"
"-z",4435,"04435"
"-z",4444,"04444"
"-z",4444,"04444"
"-z",4456,"04456"
"-z",4456,"04456"
"-z",4457,"04457"
"-z",4461,"04461"
"-z",4605,"04605"
"-z",4648,"04648"
"-z",4732,"04732"
"-z",4841,"04841"
"-z",4928,"04928"
"-z",4938,"04938"
"-z",4971,"04971"
"-z",5201,"05201"
"-z",5443,"05443"
"-z",5448,"05448"
"-z",5455,"05455"
"-z",5819,"05819"
"-z",5845,"05845"
"-z",5855,"05855"
"-z",6010,"06010"
"-z",6010,"06010"
"-z",6033,"06033"
"-z",6040,"06040"
"-z",6062,"06062"
"-z",6111,"06111"
"-z",6355,"06355"
"-z",6357,"06357"
"-z",6450,"06450"
"-z",6450,"06450"
"-z",6461,"06461"
"-z",6854,"06854"
"-z",7012,"07012"
"-z",7023,"07023"
"-z",7067,"07067"
"-z",7302,"07302"
"-z",7417,"07417"
"-z",7462,"07462"
"-z",7508,"07508"
"-z",7631,"07631"
"-z",7726,"07726"
"-z",7832,"07832"
"-z",7836,"07836"
"-z",7843,"07843"
"-z",8009,"08009"
"-z",8012,"08012"
"-z",8012,"08012"
"-z",8015,"08015"
"-z",8015,"08015"
"-z",8021,"08021"
"-z",8031,"08031"
"-z",8031,"08031"
"-z",8035,"08035"
"-z",8036,"08036"
"-z",8048,"08048"
"-z",8054,"08054"
"-z",8054,"08054"
"-z",8055,"08055"
"-z",8056,"08056"
"-z",8060,"08060"
"-z",8083,"08083"
"-z",8084,"08084"
"-z",8109,"08109"
"-z",8109,"08109"
"-z",8205,"08205"
"-z",8215,"08215"
"-z",8244,"08244"
"-z",8330,"08330"
"-z",8518,"08518"
"-z",8527,"08527"
"-z",8724,"08724"
"-z",8755,"08755"
"-z",8816,"08816"
"-z",8857,"08857"
"-z",8857,"08857"
"-z",8873,"08873"
"-z",8882,"08882"
"-z",10547,10547
"-z",10607,10607
"-z",10701,10701
"-z",10988,10988
"-z",11040,11040
"-z",11203,11203
"-z",11213,11213
"-z",11216,11216
"-z",11432,11432
"-z",11590,11590
"-z",11702,11702
"-z",11735,11735
"-z",11751,11751
"-z",11767,11767
"-z",11949,11949
"-z",11967,11967
"-z",11967,11967
"-z",12065,12065
"-z",12090,12090
"-z",12094,12094
"-z",12118,12118
"-z",12155,12155
"-z",12304,12304
"-z",12306,12306
"-z",12309,12309
"-z",12570,12570
"-z",12589,12589
"-z",12601,12601
"-z",12764,12764
"-z",12804,12804
"-z",13082,13082
"-z",13165,13165
"-z",13320,13320
"-z",13403,13403
"-z",13407,13407
"-z",13501,13501
"-z",13620,13620
"-z",13621,13621
"-z",13760,13760
"-z",13778,13778
"-z",13820,13820
"-z",13820,13820
"-z",13825,13825
"-z",13830,13830
"-z",13901,13901
"-z",13905,13905
"-z",14042,14042
"-z",14052,14052
"-z",14094,14094
"-z",14094,14094
"-z",14111,14111
"-z",14129,14129
"-z",14171,14171
"-z",14222,14222
"-z",14224,14224
"-z",14456,14456
"-z",14468,14468
"-z",14622,14622
"-z",14701,14701
"-z",14743,14743
"-z",14760,14760
"-z",14760,14760
"-z",14760,14760
"-z",14760,14760
"-z",14843,14843
"-z",14883,14883
"-z",15001,15001
"-z",15001,15001
"-z",15015,15015
"-z",15019,15019
"-z",15068,15068
"-z",15071,15071
"-z",15074,15074
"-z",15089,15089
"-z",15089,15089
"-z",15120,15120
"-z",15132,15132
"-z",15145,15145
"-z",15147,15147
"-z",15211,15211
"-z",15217,15217
"-z",15221,15221
"-z",15229,15229
"-z",15235,15235
"-z",15235,15235
"-z",15433,15433
"-z",15444,15444
"-z",15473,15473
"-z",15541,15541
"-z",15601,15601
"-z",15613,15613
"-z",15613,15613
"-z",15632,15632
"-z",15642,15642
"-z",15656,15656
"-z",15656,15656
"-z",15656,15656
"-z",15666,15666
"-z",15701,15701
"-z",15801,15801
"-z",15825,15825
"-z",15868,15868
"-z",15906,15906
"-z",15921,15921
"-z",15928,15928
"-z",15931,15931
"-z",15931,15931
"-z",15936,15936
"-z",15944,15944
"-z",15963,15963
"-z",16002,16002
"-z",16063,16063
"-z",16105,16105
"-z",16117,16117
"-z",16117,16117
"-z",16137,16137
"-z",16148,16148
"-z",16201,16201
"-z",16240,16240
"-z",16254,16254
"-z",16262,16262
"-z",16335,16335
"-z",16354,16354
"-z",16365,16365
"-z",16428,16428
"-z",16441,16441
"-z",16502,16502
"-z",16506,16506
"-z",16510,16510
"-z",16601,16601
"-z",16602,16602
"-z",16680,16680
"-z",16923,16923
"-z",17025,17025
"-z",17036,17036
"-z",17042,17042
"-z",17055,17055
"-z",17268,17268
"-z",17331,17331
"-z",17339,17339
"-z",17364,17364
"-z",17370,17370
"-z",17408,17408
"-z",17540,17540
"-z",17543,17543
"-z",17543,17543
"-z",17557,17557
"-z",17602,17602
"-z",17603,17603
"-z",17603,17603
"-z",17737,17737
"-z",17821,17821
"-z",17842,17842
"-z",17856,17856
"-z",18042,18042
"-z",18042,18042
"-z",18045,18045
"-z",18103,18103
"-z",18249,18249
"-z",18249,18249
"-z",18407,18407
"-z",18424,18424
"-z",18640,18640
"-z",18707,18707
"-z",18850,18850
"-z",18853,18853
"-z",18940,18940
"-z",18944,18944
"-z",18977,18977
"-z",19053,19053
"-z",19053,19053
"-z",19067,19067
"-z",19104,19104
"-z",19115,19115
"-z",19115,19115
"-z",19121,19121
"-z",19124,19124
"-z",19135,19135
"-z",19144,19144
"-z",19149,19149
"-z",19152,19152
"-z",19152,19152
"-z",19341,19341
"-z",19344,19344
"-z",19406,19406
"-z",19475,19475
"-z",19510,19510
"-z",19526,19526
"-z",19543,19543
"-z",19604,19604
"-z",19606,19606
"-z",19701,19701
"-z",19703,19703
"-z",19707,19707
"-z",19805,19805
"-z",19952,19952
"-z",20032,20032
"-z",20105,20105
"-z",20136,20136
"-z",20147,20147
"-z",20170,20170
"-z",20171,20171
"-z",20176,20176
"-z",20653,20653
"-z",20712,20712
"-z",20716,20716
"-z",20782,20782
"-z",20904,20904
"-z",21009,21009
"-z",21014,21014
"-z",21014,21014
"-z",21061,21061
"-z",21117,21117
"-z",21122,21122
"-z",21136,21136
"-z",21206,21206
"-z",21208,21208
"-z",21228,21228
"-z",21234,21234
"-z",21629,21629
"-z",21771,21771
"-z",21911,21911
"-z",22030,22030
"-z",22043,22043
"-z",22153,22153
"-z",22181,22181
"-z",22191,22191
"-z",22193,22193
"-z",22310,22310
"-z",22401,22401
"-z",22407,22407
"-z",22438,22438
"-z",22448,22448
"-z",22554,22554
"-z",22554,22554
"-z",22655,22655
"-z",22802,22802
"-z",22841,22841
"-z",22901,22901
"-z",23024,23024
"-z",23060,23060
"-z",23061,23061
"-z",23111,23111
"-z",23185,23185
"-z",23220,23220
"-z",23228,23228
"-z",23306,23306
"-z",23320,23320
"-z",23320,23320
"-z",23321,23321
"-z",23322,23322
"-z",23323,23323
"-z",23325,23325
"-z",23358,23358
"-z",23451,23451
"-z",23453,23453
"-z",23454,23454
"-z",23454,23454
"-z",23454,23454
"-z",23462,23462
"-z",23464,23464
"-z",23502,23502
"-z",23513,23513
"-z",23602,23602
"-z",23602,23602
"-z",23606,23606
"-z",23608,23608
"-z",23666,23666
"-z",23805,23805
"-z",23868,23868
"-z",24012,24012
"-z",24014,24014
"-z",24015,24015
"-z",24016,24016
"-z",24018,24018
"-z",24018,24018
"-z",24018,24018
"-z",24018,24018
"-z",24018,24018
"-z",24054,24054
"-z",24060,24060
"-z",24060,24060
"-z",24060,24060
"-z",24060,24060
"-z",24073,24073
"-z",24104,24104
"-z",24134,24134
"-z",24201,24201
"-z",24314,24314
"-z",24502,24502
"-z",24502,24502
"-z",24502,24502
"-z",24550,24550
"-z",24639,24639
"-z",24641,24641
"-z",24910,24910
"-z",25303,25303
"-z",25404,25404
"-z",25427,25427
"-z",25545,25545
"-z",25621,25621
"-z",25962,25962
"-z",26062,26062
"-z",26062,26062
"-z",26201,26201
"-z",26764,26764
"-z",27011,27011
"-z",27011,27011
"-z",27030,27030
"-z",27043,27043
"-z",27048,27048
"-z",27106,27106
"-z",27127,27127
"-z",27215,27215
"-z",27215,27215
"-z",27215,27215
"-z",27258,27258
"-z",27284,27284
"-z",27288,27288
"-z",27317,27317
"-z",27320,27320
"-z",27332,27332
"-z",27360,27360
"-z",27405,27405
"-z",27407,27407
"-z",27407,27407
"-z",27455,27455
"-z",27455,27455
"-z",27502,27502
"-z",27511,27511
"-z",27511,27511
"-z",27511,27511
"-z",27513,27513
"-z",27517,27517
"-z",27519,27519
"-z",27520,27520
"-z",27525,27525
"-z",27526,27526
"-z",27529,27529
"-z",27539,27539
"-z",27540,27540
"-z",27546,27546
"-z",27549,27549
"-z",27560,27560
"-z",27560,27560
"-z",27565,27565
"-z",27574,27574
"-z",27603,27603
"-z",27607,27607
"-z",27610,27610
"-z",27610,27610
"-z",27615,27615
"-z",27803,27803
"-z",27858,27858
"-z",27858,27858
"-z",27870,27870
"-z",27893,27893
"-z",27893,27893
"-z",27909,27909
"-z",28027,28027
"-z",28078,28078
"-z",28078,28078
"-z",28079,28079
"-z",28112,28112
"-z",28144,28144
"-z",28147,28147
"-z",28150,28150
"-z",28173,28173
"-z",28211,28211
"-z",28211,28211
"-z",28213,28213
"-z",28269,28269
"-z",28273,28273
"-z",28277,28277
"-z",28306,28306
"-z",28314,28314
"-z",28348,28348
"-z",28412,28412
"-z",28412,28412
"-z",28443,28443
"-z",28465,28465
"-z",28468,28468
"-z",28518,28518
"-z",28546,28546
"-z",28546,28546
"-z",28546,28546
"-z",28562,28562
"-z",28584,28584
"-z",28602,28602
"-z",28607,28607
"-z",28638,28638
"-z",28643,28643
"-z",28677,28677
"-z",28711,28711
"-z",28714,28714
"-z",28734,28734
"-z",28742,28742
"-z",28751,28751
"-z",28779,28779
"-z",29073,29073
"-z",29102,29102
"-z",29180,29180
"-z",29206,29206
"-z",29212,29212
"-z",29407,29407
"-z",29407,29407
"-z",29436,29436
"-z",29483,29483
"-z",29483,29483
"-z",29486,29486
"-z",29488,29488
"-z",29501,29501
"-z",29520,29520
"-z",29526,29526
"-z",29569,29569
"-z",29588,29588
"-z",29607,29607
"-z",29609,29609
"-z",29621,29621
"-z",29642,29642
"-z",29650,29650
"-z",29650,29650
"-z",29678,29678
"-z",29678,29678
"-z",29691,29691
"-z",29704,29704
"-z",29708,29708
"-z",29728,29728
"-z",29801,29801
"-z",29829,29829
"-z",29842,29842
"-z",29910,29910
"-z",30013,30013
"-z",30013,30013
"-z",30014,30014
"-z",30016,30016
"-z",30019,30019
"-z",30022,30022
"-z",30024,30024
"-z",30033,30033
"-z",30034,30034
"-z",30040,30040
"-z",30043,30043
"-z",30044,30044
"-z",30044,30044
"-z",30046,30046
"-z",30046,30046
"-z",30047,30047
"-z",30047,30047
"-z",30048,30048
"-z",30052,30052
"-z",30055,30055
"-z",30062,30062
"-z",30062,30062
"-z",30064,30064
"-z",30066,30066
"-z",30071,30071
"-z",30076,30076
"-z",30080,30080
"-z",30082,30082
"-z",30083,30083
"-z",30093,30093
"-z",30096,30096
"-z",30097,30097
"-z",30101,30101
"-z",30106,30106
"-z",30114,30114
"-z",30115,30115
"-z",30116,30116
"-z",30117,30117
"-z",30126,30126
"-z",30134,30134
"-z",30135,30135
"-z",30147,30147
"-z",30157,30157
"-z",30165,30165
"-z",30180,30180
"-z",30188,30188
"-z",30188,30188
"-z",30223,30223
"-z",30224,30224
"-z",30236,30236
"-z",30252,30252
"-z",30252,30252
"-z",30253,30253
"-z",30263,30263
"-z",30265,30265
"-z",30274,30274
"-z",30288,30288
"-z",30291,30291
"-z",30308,30308
"-z",30315,30315
"-z",30316,30316
"-z",30319,30319
"-z",30324,30324
"-z",30331,30331
"-z",30341,30341
"-z",30349,30349
"-z",30349,30349
"-z",30360,30360
"-z",30457,30457
"-z",30517,30517
"-z",30519,30519
"-z",30533,30533
"-z",30540,30540
"-z",30566,30566
"-z",30566,30566
"-z",30605,30605
"-z",30701,30701
"-z",30813,30813
"-z",30815,30815
"-z",30909,30909
"-z",31069,31069
"-z",31308,31308
"-z",31322,31322
"-z",31326,31326
"-z",31601,31601
"-z",31626,31626
"-z",31721,31721
"-z",31756,31756
"-z",31903,31903
"-z",32003,32003
"-z",32038,32038
"-z",32054,32054
"-z",32086,32086
"-z",32117,32117
"-z",32125,32125
"-z",32129,32129
"-z",32140,32140
"-z",32164,32164
"-z",32168,32168
"-z",32169,32169
"-z",32179,32179
"-z",32205,32205
"-z",32211,32211
"-z",32221,32221
"-z",32221,32221
"-z",32223,32223
"-z",32304,32304
"-z",32304,32304
"-z",32407,32407
"-z",32433,32433
"-z",32443,32443
"-z",32444,32444
"-z",32444,32444
"-z",32501,32501
"-z",32506,32506
"-z",32507,32507
"-z",32514,32514
"-z",32514,32514
"-z",32526,32526
"-z",32531,32531
"-z",32536,32536
"-z",32539,32539
"-z",32539,32539
"-z",32541,32541
"-z",32548,32548
"-z",32570,32570
"-z",32571,32571
"-z",32603,32603
"-z",32605,32605
"-z",32607,32607
"-z",32607,32607
"-z",32607,32607
"-z",32608,32608
"-z",32643,32643
"-z",32656,32656
"-z",32667,32667
"-z",32712,32712
"-z",32713,32713
"-z",32725,32725
"-z",32750,32750
"-z",32763,32763
"-z",32763,32763
"-z",32765,32765
"-z",32765,32765
"-z",32766,32766
"-z",32771,32771
"-z",32779,32779
"-z",32810,32810
"-z",32810,32810
"-z",32817,32817
"-z",32817,32817
"-z",32818,32818
"-z",32819,32819
"-z",32824,32824
"-z",32824,32824
"-z",32824,32824
"-z",32824,32824
"-z",32826,32826
"-z",32829,32829
"-z",32839,32839
"-z",32904,32904
"-z",32905,32905
"-z",32908,32908
"-z",32909,32909
"-z",32909,32909
"-z",32922,32922
"-z",32935,32935
"-z",32955,32955
"-z",32966,32966
"-z",32967,32967
"-z",33020,33020
"-z",33021,33021
"-z",33025,33025
"-z",33027,33027
"-z",33050,33050
"-z",33062,33062
"-z",33063,33063
"-z",33063,33063
"-z",33063,33063
"-z",33066,33066
"-z",33073,33073
"-z",33138,33138
"-z",33145,33145
"-z",33156,33156
"-z",33156,33156
"-z",33157,33157
"-z",33160,33160
"-z",33165,33165
"-z",33174,33174
"-z",33177,33177
"-z",33178,33178
"-z",33179,33179
"-z",33186,33186
"-z",33196,33196
"-z",33311,33311
"-z",33311,33311
"-z",33326,33326
"-z",33411,33411
"-z",33415,33415
"-z",33426,33426
"-z",33433,33433
"-z",33433,33433
"-z",33437,33437
"-z",33441,33441
"-z",33445,33445
"-z",33445,33445
"-z",33486,33486
"-z",33496,33496
"-z",33510,33510
"-z",33511,33511
"-z",33511,33511
"-z",33521,33521
"-z",33523,33523
"-z",33541,33541
"-z",33543,33543
"-z",33543,33543
"-z",33543,33543
"-z",33549,33549
"-z",33549,33549
"-z",33556,33556
"-z",33558,33558
"-z",33559,33559
"-z",33566,33566
"-z",33578,33578
"-z",33578,33578
"-z",33579,33579
"-z",33579,33579
"-z",33584,33584
"-z",33584,33584
"-z",33610,33610
"-z",33612,33612
"-z",33613,33613
"-z",33613,33613
"-z",33616,33616
"-z",33637,33637
"-z",33637,33637
"-z",33647,33647
"-z",33701,33701
"-z",33756,33756
"-z",33774,33774
"-z",33774,33774
"-z",33778,33778
"-z",33782,33782
"-z",33809,33809
"-z",33810,33810
"-z",33813,33813
"-z",33823,33823
"-z",33897,33897
"-z",33908,33908
"-z",33908,33908
"-z",33909,33909
"-z",33913,33913
"-z",33914,33914
"-z",33918,33918
"-z",33947,33947
"-z",33967,33967
"-z",33982,33982
"-z",33983,33983
"-z",33990,33990
"-z",33990,33990
"-z",34203,34203
"-z",34209,34209
"-z",34232,34232
"-z",34243,34243
"-z",34286,34286
"-z",34287,34287
"-z",34287,34287
"-z",34288,34288
"-z",34293,34293
"-z",34428,34428
"-z",34428,34428
"-z",34429,34429
"-z",34434,34434
"-z",34436,34436
"-z",34470,34470
"-z",34471,34471
"-z",34473,34473
"-z",34473,34473
"-z",34474,34474
"-z",34476,34476
"-z",34488,34488
"-z",34488,34488
"-z",34491,34491
"-z",34608,34608
"-z",34609,34609
"-z",34609,34609
"-z",34613,34613
"-z",34614,34614
"-z",34653,34653
"-z",34655,34655
"-z",34655,34655
"-z",34691,34691
"-z",34698,34698
"-z",34698,34698
"-z",34698,34698
"-z",34736,34736
"-z",34744,34744
"-z",34771,34771
"-z",34771,34771
"-z",34771,34771
"-z",34786,34786
"-z",34952,34952
"-z",34953,34953
"-z",34953,34953
"-z",34953,34953
"-z",35023,35023
"-z",35040,35040
"-z",35055,35055
"-z",35062,35062
"-z",35124,35124
"-z",35160,35160
"-z",35173,35173
"-z",35243,35243
"-z",35453,35453
"-z",35473,35473
"-z",35476,35476
"-z",35490,35490
"-z",35578,35578
"-z",35603,35603
"-z",35630,35630
"-z",35633,35633
"-z",35654,35654
"-z",35661,35661
"-z",35672,35672
"-z",35768,35768
"-z",35769,35769
"-z",35769,35769
"-z",36035,36035
"-z",36078,36078
"-z",36080,36080
"-z",36092,36092
"-z",36117,36117
"-z",36265,36265
"-z",36312,36312
"-z",36340,36340
"-z",36362,36362
"-z",36375,36375
"-z",36535,36535
"-z",36617,36617
"-z",36695,36695
"-z",36695,36695
"-z",36744,36744
"-z",36801,36801
"-z",36863,36863
"-z",36874,36874
"-z",36874,36874
"-z",36877,36877
"-z",37013,37013
"-z",37013,37013
"-z",37013,37013
"-z",37013,37013
"-z",37027,37027
"-z",37030,37030
"-z",37030,37030
"-z",37035,37035
"-z",37036,37036
"-z",37040,37040
"-z",37042,37042
"-z",37043,37043
"-z",37060,37060
"-z",37064,37064
"-z",37067,37067
"-z",37067,37067
"-z",37067,37067
"-z",37079,37079
"-z",37082,37082
"-z",37086,37086
"-z",37086,37086
"-z",37086,37086
"-z",37115,37115
"-z",37122,37122
"-z",37122,37122
"-z",37122,37122
"-z",37122,37122
"-z",37128,37128
"-z",37128,37128
"-z",37128,37128
"-z",37130,37130
"-z",37130,37130
"-z",37135,37135
"-z",37135,37135
"-z",37167,37167
"-z",37167,37167
"-z",37174,37174
"-z",37174,37174
"-z",37174,37174
"-z",37174,37174
"-z",37174,37174
"-z",37174,37174
"-z",37179,37179
"-z",37185,37185
"-z",37203,37203
"-z",37204,37204
"-z",37206,37206
"-z",37207,37207
"-z",37207,37207
"-z",37211,37211
"-z",37211,37211
"-z",37214,37214
"-z",37221,37221
"-z",37312,37312
"-z",37321,37321
"-z",37321,37321
"-z",37323,37323
"-z",37341,37341
"-z",37363,37363
"-z",37377,37377
"-z",37379,37379
"-z",37388,37388
"-z",37398,37398
"-z",37618,37618
"-z",37618,37618
"-z",37641,37641
"-z",37643,37643
"-z",37692,37692
"-z",37716,37716
"-z",37766,37766
"-z",37803,37803
"-z",37813,37813
"-z",37814,37814
"-z",37814,37814
"-z",37849,37849
"-z",37916,37916
"-z",37918,37918
"-z",37924,37924
"-z",37934,37934
"-z",38011,38011
"-z",38016,38016
"-z",38111,38111
"-z",38125,38125
"-z",38334,38334
"-z",38362,38362
"-z",38371,38371
"-z",38382,38382
"-z",38401,38401
"-z",38401,38401
"-z",38401,38401
"-z",38478,38478
"-z",38506,38506
"-z",38544,38544
"-z",38606,38606
"-z",38618,38618
"-z",38652,38652
"-z",38654,38654
"-z",38654,38654
"-z",38680,38680
"-z",38701,38701
"-z",38703,38703
"-z",38703,38703
"-z",38732,38732
"-z",38761,38761
"-z",38841,38841
"-z",39042,39042
"-z",39108,39108
"-z",39183,39183
"-z",39402,39402
"-z",39452,39452
"-z",39455,39455
"-z",39476,39476
"-z",39501,39501
"-z",39503,39503
"-z",39531,39531
"-z",39532,39532
"-z",39532,39532
"-z",39560,39560
"-z",39564,39564
"-z",39564,39564
"-z",39573,39573
"-z",39576,39576
"-z",39581,39581
"-z",39601,39601
"-z",39667,39667
"-z",39705,39705
"-z",39740,39740
"-z",39740,39740
"-z",39836,39836
"-z",40071,40071
"-z",40206,40206
"-z",40217,40217
"-z",40223,40223
"-z",40245,40245
"-z",40245,40245
"-z",40245,40245
"-z",40291,40291
"-z",40311,40311
"-z",40336,40336
"-z",40356,40356
"-z",40422,40422
"-z",40475,40475
"-z",40475,40475
"-z",40503,40503
"-z",40504,40504
"-z",40511,40511
"-z",40741,40741
"-z",40801,40801
"-z",40806,40806
"-z",40831,40831
"-z",40962,40962
"-z",41071,41071
"-z",41139,41139
"-z",41143,41143
"-z",41263,41263
"-z",42101,42101
"-z",42104,42104
"-z",42104,42104
"-z",42134,42134
"-z",42134,42134
"-z",42223,42223
"-z",42240,42240
"-z",42259,42259
"-z",42301,42301
"-z",42303,42303
"-z",42303,42303
"-z",42347,42347
"-z",42376,42376
"-z",42501,42501
"-z",42539,42539
"-z",42629,42629
"-z",42633,42633
"-z",42633,42633
"-z",42754,42754
"-z",42754,42754
"-z",43004,43004
"-z",43004,43004
"-z",43016,43016
"-z",43019,43019
"-z",43050,43050
"-z",43050,43050
"-z",43068,43068
"-z",43068,43068
"-z",43072,43072
"-z",43102,43102
"-z",43123,43123
"-z",43143,43143
"-z",43160,43160
"-z",43315,43315
"-z",43410,43410
"-z",43412,43412
"-z",43413,43413
"-z",43420,43420
"-z",43420,43420
"-z",43449,43449
"-z",43551,43551
"-z",43558,43558
"-z",43558,43558
"-z",43604,43604
"-z",43610,43610
"-z",43701,43701
"-z",43947,43947
"-z",44022,44022
"-z",44032,44032
"-z",44056,44056
"-z",44060,44060
"-z",44060,44060
"-z",44077,44077
"-z",44094,44094
"-z",44111,44111
"-z",44118,44118
"-z",44121,44121
"-z",44124,44124
"-z",44125,44125
"-z",44126,44126
"-z",44129,44129
"-z",44135,44135
"-z",44136,44136
"-z",44138,44138
"-z",44143,44143
"-z",44149,44149
"-z",44212,44212
"-z",44221,44221
"-z",44240,44240
"-z",44240,44240
"-z",44256,44256
"-z",44278,44278
"-z",44281,44281
"-z",44286,44286
"-z",44305,44305
"-z",44310,44310
"-z",44319,44319
"-z",44404,44404
"-z",44406,44406
"-z",44406,44406
"-z",44429,44429
"-z",44484,44484
"-z",44509,44509
"-z",44514,44514
"-z",44612,44612
"-z",44614,44614
"-z",44685,44685
"-z",44705,44705
"-z",44720,44720
"-z",44813,44813
"-z",44890,44890
"-z",44905,44905
"-z",45005,45005
"-z",45103,45103
"-z",45130,45130
"-z",45160,45160
"-z",45224,45224
"-z",45227,45227
"-z",45237,45237
"-z",45242,45242
"-z",45324,45324
"-z",45331,45331
"-z",45338,45338
"-z",45371,45371
"-z",45385,45385
"-z",45410,45410
"-z",45429,45429
"-z",45432,45432
"-z",45440,45440
"-z",45631,45631
"-z",45669,45669
"-z",45714,45714
"-z",45840,45840
"-z",46032,46032
"-z",46032,46032
"-z",46060,46060
"-z",46071,46071
"-z",46111,46111
"-z",46147,46147
"-z",46168,46168
"-z",46204,46204
"-z",46204,46204
"-z",46219,46219
"-z",46228,46228
"-z",46239,46239
"-z",46240,46240
"-z",46304,46304
"-z",46307,46307
"-z",46312,46312
"-z",46319,46319
"-z",46356,46356
"-z",46356,46356
"-z",46360,46360
"-z",46368,46368
"-z",46385,46385
"-z",46404,46404
"-z",46526,46526
"-z",46703,46703
"-z",46706,46706
"-z",46723,46723
"-z",46788,46788
"-z",46804,46804
"-z",46902,46902
"-z",46902,46902
"-z",47031,47031
"-z",47240,47240
"-z",47274,47274
"-z",47304,47304
"-z",47304,47304
"-z",47330,47330
"-z",47367,47367
"-z",47374,47374
"-z",47454,47454
"-z",47714,47714
"-z",47714,47714
"-z",48001,48001
"-z",48005,48005
"-z",48043,48043
"-z",48045,48045
"-z",48054,48054
"-z",48064,48064
"-z",48082,48082
"-z",48084,48084
"-z",48085,48085
"-z",48125,48125
"-z",48127,48127
"-z",48152,48152
"-z",48154,48154
"-z",48154,48154
"-z",48167,48167
"-z",48182,48182
"-z",48183,48183
"-z",48188,48188
"-z",48220,48220
"-z",48309,48309
"-z",48316,48316
"-z",48326,48326
"-z",48346,48346
"-z",48386,48386
"-z",48423,48423
"-z",48432,48432
"-z",48433,48433
"-z",48433,48433
"-z",48463,48463
"-z",48507,48507
"-z",48519,48519
"-z",48610,48610
"-z",48640,48640
"-z",48732,48732
"-z",48734,48734
"-z",48739,48739
"-z",48749,48749
"-z",48764,48764
"-z",48817,48817
"-z",48842,48842
"-z",48846,48846
"-z",48858,48858
"-z",48864,48864
"-z",48875,48875
"-z",48877,48877
"-z",48911,48911
"-z",48912,48912
"-z",49002,49002
"-z",49015,49015
"-z",49017,49017
"-z",49091,49091
"-z",49093,49093
"-z",49286,49286
"-z",49319,49319
"-z",49319,49319
"-z",49330,49330
"-z",49332,49332
"-z",49333,49333
"-z",49345,49345
"-z",49346,49346
"-z",49417,49417
"-z",49417,49417
"-z",49446,49446
"-z",49455,49455
"-z",49457,49457
"-z",49464,49464
"-z",49503,49503
"-z",49506,49506
"-z",49525,49525
"-z",49677,49677
"-z",49746,49746
"-z",49837,49837
"-z",49837,49837
"-z",49837,49837
"-z",49849,49849
"-z",49849,49849
"-z",49858,49858
"-z",49912,49912
"-z",49938,49938
"-z",49946,49946
"-z",50041,50041
"-z",50131,50131
"-z",50138,50138
"-z",50154,50154
"-z",50236,50236
"-z",50266,50266
"-z",50313,50313
"-z",50602,50602
"-z",50613,50613
"-z",50642,50642
"-z",50655,50655
"-z",51503,51503
"-z",52001,52001
"-z",52002,52002
"-z",52031,52031
"-z",52146,52146
"-z",52338,52338
"-z",52402,52402
"-z",52551,52551
"-z",52732,52732
"-z",52742,52742
"-z",52742,52742
"-z",52748,52748
"-z",52749,52749
"-z",52753,52753
"-z",53014,53014
"-z",53027,53027
"-z",53038,53038
"-z",53051,53051
"-z",53092,53092
"-z",53098,53098
"-z",53132,53132
"-z",53132,53132
"-z",53140,53140
"-z",53151,53151
"-z",53151,53151
"-z",53221,53221
"-z",53227,53227
"-z",53525,53525
"-z",53546,53546
"-z",53704,53704
"-z",53711,53711
"-z",54009,54009
"-z",54016,54016
"-z",54020,54020
"-z",54126,54126
"-z",54171,54171
"-z",54247,54247
"-z",54302,54302
"-z",54411,54411
"-z",54412,54412
"-z",54414,54414
"-z",54437,54437
"-z",54449,54449
"-z",54451,54451
"-z",54455,54455
"-z",54462,54462
"-z",54470,54470
"-z",54473,54473
"-z",54482,54482
"-z",54482,54482
"-z",54484,54484
"-z",54489,54489
"-z",54494,54494
"-z",54495,54495
"-z",54555,54555
"-z",54601,54601
"-z",54615,54615
"-z",54629,54629
"-z",54656,54656
"-z",54703,54703
"-z",54729,54729
"-z",54729,54729
"-z",54742,54742
"-z",54747,54747
"-z",54755,54755
"-z",54769,54769
"-z",54771,54771
"-z",54806,54806
"-z",54901,54901
"-z",54904,54904
"-z",54943,54943
"-z",54956,54956
"-z",55016,55016
"-z",55025,55025
"-z",55110,55110
"-z",55117,55117
"-z",55125,55125
"-z",55309,55309
"-z",55313,55313
"-z",55317,55317
"-z",55317,55317
"-z",55336,55336
"-z",55337,55337
"-z",55344,55344
"-z",55362,55362
"-z",55418,55418
"-z",55420,55420
"-z",55921,55921
"-z",55936,55936
"-z",55952,55952
"-z",55959,55959
"-z",55974,55974
"-z",55975,55975
"-z",56081,56081
"-z",56248,56248
"-z",56304,56304
"-z",56308,56308
"-z",56315,56315
"-z",56481,56481
"-z",56537,56537
"-z",56549,56549
"-z",56714,56714
"-z",57106,57106
"-z",57108,57108
"-z",57701,57701
"-z",57703,57703
"-z",57717,57717
"-z",57717,57717
"-z",57785,57785
"-z",58047,58047
"-z",58060,58060
"-z",58072,58072
"-z",58078,58078
"-z",58078,58078
"-z",58102,58102
"-z",58201,58201
"-z",58344,58344
"-z",58503,58503
"-z",58601,58601
"-z",58701,58701
"-z",58703,58703
"-z",58703,58703
"-z",59103,59103
"-z",59270,59270
"-z",59405,59405
"-z",59457,59457
"-z",59474,59474
"-z",59487,59487
"-z",59825,59825
"-z",59901,59901
"-z",59901,59901
"-z",59923,59923
"-z",60030,60030
"-z",60031,60031
"-z",60041,60041
"-z",60046,60046
"-z",60051,60051
"-z",60068,60068
"-z",60089,60089
"-z",60096,60096
"-z",60102,60102
"-z",60103,60103
"-z",60106,60106
"-z",60107,60107
"-z",60139,60139
"-z",60181,60181
"-z",60425,60425
"-z",60438,60438
"-z",60440,60440
"-z",60448,60448
"-z",60450,60450
"-z",60451,60451
"-z",60462,60462
"-z",60467,60467
"-z",60473,60473
"-z",60484,60484
"-z",60515,60515
"-z",60586,60586
"-z",60614,60614
"-z",60626,60626
"-z",60643,60643
"-z",60647,60647
"-z",60657,60657
"-z",60714,60714
"-z",61032,61032
"-z",61072,61072
"-z",61073,61073
"-z",61103,61103
"-z",61107,61107
"-z",61111,61111
"-z",61111,61111
"-z",61114,61114
"-z",61241,61241
"-z",61273,61273
"-z",61531,61531
"-z",61604,61604
"-z",61704,61704
"-z",61739,61739
"-z",61740,61740
"-z",61821,61821
"-z",61938,61938
"-z",62056,62056
"-z",62088,62088
"-z",62221,62221
"-z",62226,62226
"-z",62249,62249
"-z",62269,62269
"-z",62294,62294
"-z",62298,62298
"-z",62341,62341
"-z",62401,62401
"-z",62401,62401
"-z",62448,62448
"-z",62449,62449
"-z",62526,62526
"-z",62702,62702
"-z",62702,62702
"-z",62839,62839
"-z",62884,62884
"-z",62901,62901
"-z",62933,62933
"-z",62938,62938
"-z",62948,62948
"-z",62959,62959
"-z",62959,62959
"-z",63017,63017
"-z",63020,63020
"-z",63051,63051
"-z",63084,63084
"-z",63089,63089
"-z",63105,63105
"-z",63112,63112
"-z",63128,63128
"-z",63129,63129
"-z",63135,63135
"-z",63755,63755
"-z",63833,63833
"-z",64015,64015
"-z",64024,64024
"-z",64034,64034
"-z",64078,64078
"-z",64081,64081
"-z",64114,64114
"-z",64134,64134
"-z",64429,64429
"-z",64776,64776
"-z",64804,64804
"-z",65080,65080
"-z",65081,65081
"-z",65201,65201
"-z",65201,65201
"-z",65251,65251
"-z",65251,65251
"-z",65334,65334
"-z",65565,65565
"-z",65584,65584
"-z",65608,65608
"-z",65608,65608
"-z",65720,65720
"-z",65721,65721
"-z",65775,65775
"-z",65775,65775
"-z",65807,65807
"-z",66030,66030
"-z",66208,66208
"-z",67056,67056
"-z",67060,67060
"-z",67110,67110
"-z",67135,67135
"-z",67211,67211
"-z",67212,67212
"-z",67218,67218
"-z",67401,67401
"-z",67601,67601
"-z",67950,67950
"-z",68130,68130
"-z",68134,68134
"-z",68135,68135
"-z",68144,68144
"-z",68462,68462
"-z",68502,68502
"-z",68503,68503
"-z",68638,68638
"-z",68947,68947
"-z",68961,68961
"-z",70001,70001
"-z",70003,70003
"-z",70043,70043
"-z",70072,70072
"-z",70072,70072
"-z",70113,70113
"-z",70113,70113
"-z",70115,70115
"-z",70115,70115
"-z",70118,70118
"-z",70363,70363
"-z",70471,70471
"-z",70471,70471
"-z",70501,70501
"-z",70503,70503
"-z",70506,70506
"-z",70510,70510
"-z",70517,70517
"-z",70518,70518
"-z",70526,70526
"-z",70526,70526
"-z",70647,70647
"-z",70714,70714
"-z",70726,70726
"-z",70748,70748
"-z",70785,70785
"-z",70809,70809
"-z",71065,71065
"-z",71075,71075
"-z",71105,71105
"-z",71112,71112
"-z",71227,71227
"-z",71270,71270
"-z",71404,71404
"-z",71423,71423
"-z",71446,71446
"-z",71851,71851
"-z",71854,71854
"-z",71901,71901
"-z",71913,71913
"-z",71921,71921
"-z",71953,71953
"-z",72058,72058
"-z",72076,72076
"-z",72113,72113
"-z",72135,72135
"-z",72143,72143
"-z",72176,72176
"-z",72205,72205
"-z",72205,72205
"-z",72315,72315
"-z",72370,72370
"-z",72401,72401
"-z",72401,72401
"-z",72601,72601
"-z",72712,72712
"-z",72730,72730
"-z",72837,72837
"-z",72855,72855
"-z",72956,72956
"-z",73013,73013
"-z",73054,73054
"-z",73057,73057
"-z",73070,73070
"-z",73099,73099
"-z",73099,73099
"-z",73110,73110
"-z",73112,73112
"-z",73139,73139
"-z",73139,73139
"-z",73170,73170
"-z",73170,73170
"-z",73505,73505
"-z",73529,73529
"-z",73641,73641
"-z",73717,73717
"-z",74019,74019
"-z",74021,74021
"-z",74027,74027
"-z",74044,74044
"-z",74501,74501
"-z",74857,74857
"-z",74872,74872
"-z",75006,75006
"-z",75025,75025
"-z",75035,75035
"-z",75039,75039
"-z",75040,75040
"-z",75044,75044
"-z",75048,75048
"-z",75052,75052
"-z",75052,75052
"-z",75052,75052
"-z",75067,75067
"-z",75069,75069
"-z",75070,75070
"-z",75070,75070
"-z",75075,75075
"-z",75080,75080
"-z",75081,75081
"-z",75093,75093
"-z",75103,75103
"-z",75126,75126
"-z",75154,75154
"-z",75181,75181
"-z",75223,75223
"-z",75231,75231
"-z",75232,75232
"-z",75243,75243
"-z",75415,75415
"-z",75428,75428
"-z",75468,75468
"-z",75551,75551
"-z",75650,75650
"-z",75693,75693
"-z",75758,75758
"-z",75789,75789
"-z",75803,75803
"-z",75941,75941
"-z",75964,75964
"-z",76008,76008
"-z",76012,76012
"-z",76014,76014
"-z",76014,76014
"-z",76021,76021
"-z",76028,76028
"-z",76028,76028
"-z",76028,76028
"-z",76040,76040
"-z",76049,76049
"-z",76063,76063
"-z",76067,76067
"-z",76073,76073
"-z",76082,76082
"-z",76087,76087
"-z",76092,76092
"-z",76117,76117
"-z",76118,76118
"-z",76120,76120
"-z",76148,76148
"-z",76179,76179
"-z",76201,76201
"-z",76248,76248
"-z",76302,76302
"-z",76308,76308
"-z",76310,76310
"-z",76374,76374
"-z",76374,76374
"-z",76374,76374
"-z",76458,76458
"-z",76486,76486
"-z",76502,76502
"-z",76502,76502
"-z",76504,76504
"-z",76542,76542
"-z",76543,76543
"-z",76569,76569
"-z",76574,76574
"-z",76643,76643
"-z",76665,76665
"-z",76706,76706
"-z",76707,76707
"-z",76802,76802
"-z",77006,77006
"-z",77007,77007
"-z",77019,77019
"-z",77024,77024
"-z",77025,77025
"-z",77040,77040
"-z",77043,77043
"-z",77049,77049
"-z",77056,77056
"-z",77059,77059
"-z",77062,77062
"-z",77070,77070
"-z",77081,77081
"-z",77083,77083
"-z",77099,77099
"-z",77355,77355
"-z",77365,77365
"-z",77372,77372
"-z",77379,77379
"-z",77388,77388
"-z",77426,77426
"-z",77433,77433
"-z",77449,77449
"-z",77485,77485
"-z",77494,77494
"-z",77494,77494
"-z",77520,77520
"-z",77521,77521
"-z",77550,77550
"-z",77571,77571
"-z",77578,77578
"-z",77583,77583
"-z",77583,77583
"-z",77584,77584
"-z",77584,77584
"-z",77586,77586
"-z",77627,77627
"-z",77630,77630
"-z",77642,77642
"-z",78008,78008
"-z",78130,78130
"-z",78154,78154
"-z",78155,78155
"-z",78209,78209
"-z",78209,78209
"-z",78209,78209
"-z",78217,78217
"-z",78232,78232
"-z",78233,78233
"-z",78240,78240
"-z",78253,78253
"-z",78258,78258
"-z",78363,78363
"-z",78393,78393
"-z",78410,78410
"-z",78412,78412
"-z",78542,78542
"-z",78613,78613
"-z",78633,78633
"-z",78634,78634
"-z",78641,78641
"-z",78641,78641
"-z",78644,78644
"-z",78660,78660
"-z",78660,78660
"-z",78666,78666
"-z",78727,78727
"-z",78730,78730
"-z",78730,78730
"-z",78735,78735
"-z",78736,78736
"-z",78748,78748
"-z",78801,78801
"-z",78840,78840
"-z",78934,78934
"-z",78934,78934
"-z",78942,78942
"-z",79118,79118
"-z",79261,79261
"-z",79403,79403
"-z",79605,79605
"-z",79605,79605
"-z",79904,79904
"-z",79912,79912
"-z",79912,79912
"-z",79927,79927
"-z",79928,79928
"-z",79934,79934
"-z",79934,79934
"-z",79935,79935
"-z",79936,79936
"-z",80003,80003
"-z",80014,80014
"-z",80109,80109
"-z",80120,80120
"-z",80128,80128
"-z",80221,80221
"-z",80403,80403
"-z",80433,80433
"-z",80466,80466
"-z",80504,80504
"-z",80525,80525
"-z",80525,80525
"-z",80530,80530
"-z",80537,80537
"-z",80538,80538
"-z",80546,80546
"-z",80550,80550
"-z",80621,80621
"-z",80737,80737
"-z",80831,80831
"-z",80905,80905
"-z",80909,80909
"-z",80920,80920
"-z",80923,80923
"-z",81001,81001
"-z",81082,81082
"-z",81240,81240
"-z",81507,81507
"-z",82240,82240
"-z",82240,82240
"-z",82414,82414
"-z",82604,82604
"-z",82604,82604
"-z",83202,83202
"-z",83204,83204
"-z",83204,83204
"-z",83213,83213
"-z",83301,83301
"-z",83328,83328
"-z",83341,83341
"-z",83555,83555
"-z",83607,83607
"-z",83619,83619
"-z",83622,83622
"-z",83642,83642
"-z",83646,83646
"-z",83687,83687
"-z",83716,83716
"-z",83805,83805
"-z",83832,83832
"-z",83854,83854
"-z",83854,83854
"-z",84003,84003
"-z",84047,84047
"-z",84067,84067
"-z",84084,84084
"-z",84094,84094
"-z",84096,84096
"-z",84105,84105
"-z",84106,84106
"-z",84107,84107
"-z",84120,84120
"-z",84121,84121
"-z",84634,84634
"-z",84655,84655
"-z",84737,84737
"-z",84737,84737
"-z",84790,84790
"-z",84790,84790
"-z",85018,85018
"-z",85018,85018
"-z",85029,85029
"-z",85050,85050
"-z",85050,85050
"-z",85120,85120
"-z",85122,85122
"-z",85142,85142
"-z",85206,85206
"-z",85226,85226
"-z",85234,85234
"-z",85234,85234
"-z",85255,85255
"-z",85255,85255
"-z",85255,85255
"-z",85268,85268
"-z",85282,85282
"-z",85283,85283
"-z",85296,85296
"-z",85296,85296
"-z",85297,85297
"-z",85301,85301
"-z",85301,85301
"-z",85308,85308
"-z",85338,85338
"-z",85338,85338
"-z",85353,85353
"-z",85374,85374
"-z",85379,85379
"-z",85392,85392
"-z",85541,85541
"-z",85607,85607
"-z",85625,85625
"-z",85636,85636
"-z",85641,85641
"-z",85704,85704
"-z",85710,85710
"-z",85710,85710
"-z",85713,85713
"-z",85743,85743
"-z",85747,85747
"-z",85750,85750
"-z",85756,85756
"-z",85929,85929
"-z",86305,86305
"-z",86323,86323
"-z",86323,86323
"-z",86405,86405
"-z",86409,86409
"-z",86426,86426
"-z",86426,86426
"-z",86429,86429
"-z",86442,86442
"-z",86442,86442
"-z",87031,87031
"-z",87035,87035
"-z",87942,87942
"-z",88001,88001
"-z",88001,88001
"-z",88101,88101
"-z",88203,88203
"-z",88220,88220
"-z",88310,88310
"-z",88310,88310
"-z",89048,89048
"-z",89074,89074
"-z",89115,89115
"-z",89121,89121
"-z",89122,89122
"-z",89123,89123
"-z",89128,89128
"-z",89130,89130
"-z",89139,89139
"-z",89141,89141
"-z",89145,89145
"-z",89148,89148
"-z",89149,89149
"-z",89166,89166
"-z",89183,89183
"-z",89419,89419
"-z",89431,89431
"-z",90013,90013
"-z",90041,90041
"-z",90660,90660
"-z",90717,90717
"-z",90803,90803
"-z",90808,90808
"-z",91006,91006
"-z",91304,91304
"-z",91325,91325
"-z",91403,91403
"-z",91701,91701
"-z",91702,91702
"-z",91709,91709
"-z",91730,91730
"-z",91732,91732
"-z",91741,91741
"-z",91745,91745
"-z",91750,91750
"-z",91752,91752
"-z",91766,91766
"-z",91776,91776
"-z",91780,91780
"-z",91784,91784
"-z",91910,91910
"-z",91910,91910
"-z",92008,92008
"-z",92020,92020
"-z",92025,92025
"-z",92036,92036
"-z",92040,92040
"-z",92054,92054
"-z",92057,92057
"-z",92058,92058
"-z",92058,92058
"-z",92069,92069
"-z",92111,92111
"-z",92116,92116
"-z",92118,92118
"-z",92122,92122
"-z",92122,92122
"-z",92129,92129
"-z",92130,92130
"-z",92220,92220
"-z",92220,92220
"-z",92234,92234
"-z",92243,92243
"-z",92243,92243
"-z",92250,92250
"-z",92262,92262
"-z",92277,92277
"-z",92286,92286
"-z",92307,92307
"-z",92314,92314
"-z",92316,92316
"-z",92345,92345
"-z",92345,92345
"-z",92356,92356
"-z",92374,92374
"-z",92382,92382
"-z",92392,92392
"-z",92395,92395
"-z",92399,92399
"-z",92407,92407
"-z",92410,92410
"-z",92503,92503
"-z",92504,92504
"-z",92505,92505
"-z",92507,92507
"-z",92508,92508
"-z",92532,92532
"-z",92549,92549
"-z",92551,92551
"-z",92557,92557
"-z",92557,92557
"-z",92562,92562
"-z",92563,92563
"-z",92609,92609
"-z",92620,92620
"-z",92637,92637
"-z",92648,92648
"-z",92648,92648
"-z",92656,92656
"-z",92656,92656
"-z",92677,92677
"-z",92683,92683
"-z",92708,92708
"-z",92780,92780
"-z",92821,92821
"-z",92880,92880
"-z",92881,92881
"-z",92882,92882
"-z",92886,92886
"-z",93010,93010
"-z",93023,93023
"-z",93230,93230
"-z",93257,93257
"-z",93285,93285
"-z",93306,93306
"-z",93311,93311
"-z",93401,93401
"-z",93433,93433
"-z",93433,93433
"-z",93436,93436
"-z",93455,93455
"-z",93535,93535
"-z",93561,93561
"-z",93612,93612
"-z",93647,93647
"-z",93722,93722
"-z",94063,94063
"-z",94402,94402
"-z",94513,94513
"-z",94535,94535
"-z",94536,94536
"-z",94551,94551
"-z",94568,94568
"-z",94577,94577
"-z",94598,94598
"-z",94619,94619
"-z",94941,94941
"-z",95070,95070
"-z",95116,95116
"-z",95204,95204
"-z",95209,95209
"-z",95225,95225
"-z",95337,95337
"-z",95350,95350
"-z",95355,95355
"-z",95401,95401
"-z",95472,95472
"-z",95503,95503
"-z",95614,95614
"-z",95616,95616
"-z",95624,95624
"-z",95632,95632
"-z",95677,95677
"-z",95742,95742
"-z",95746,95746
"-z",95757,95757
"-z",95757,95757
"-z",95828,95828
"-z",95948,95948
"-z",96002,96002
"-z",96094,96094
"-z",96094,96094
"-z",96097,96097
"-z",96130,96130
"-z",96137,96137
"-z",97015,97015
"-z",97038,97038
"-z",97058,97058
"-z",97058,97058
"-z",97070,97070
"-z",97123,97123
"-z",97210,97210
"-z",97217,97217
"-z",97224,97224
"-z",97229,97229
"-z",97236,97236
"-z",97321,97321
"-z",97330,97330
"-z",97415,97415
"-z",97423,97423
"-z",97478,97478
"-z",97520,97520
"-z",97527,97527
"-z",97527,97527
"-z",97739,97739
"-z",97756,97756
"-z",97756,97756
"-z",98001,98001
"-z",98002,98002
"-z",98005,98005
"-z",98023,98023
"-z",98031,98031
"-z",98032,98032
"-z",98033,98033
"-z",98038,98038
"-z",98042,98042
"-z",98042,98042
"-z",98042,98042
"-z",98051,98051
"-z",98065,98065
"-z",98092,98092
"-z",98092,98092
"-z",98115,98115
"-z",98166,98166
"-z",98178,98178
"-z",98223,98223
"-z",98226,98226
"-z",98226,98226
"-z",98229,98229
"-z",98230,98230
"-z",98258,98258
"-z",98274,98274
"-z",98277,98277
"-z",98312,98312
"-z",98321,98321
"-z",98333,98333
"-z",98333,98333
"-z",98335,98335
"-z",98335,98335
"-z",98338,98338
"-z",98340,98340
"-z",98344,98344
"-z",98349,98349
"-z",98354,98354
"-z",98354,98354
"-z",98360,98360
"-z",98366,98366
"-z",98367,98367
"-z",98370,98370
"-z",98371,98371
"-z",98373,98373
"-z",98374,98374
"-z",98374,98374
"-z",98375,98375
"-z",98375,98375
"-z",98375,98375
"-z",98377,98377
"-z",98387,98387
"-z",98387,98387
"-z",98387,98387
"-z",98387,98387
"-z",98387,98387
"-z",98388,98388
"-z",98391,98391
"-z",98391,98391
"-z",98402,98402
"-z",98404,98404
"-z",98404,98404
"-z",98406,98406
"-z",98407,98407
"-z",98407,98407
"-z",98408,98408
"-z",98408,98408
"-z",98422,98422
"-z",98424,98424
"-z",98424,98424
"-z",98445,98445
"-z",98466,98466
"-z",98466,98466
"-z",98466,98466
"-z",98467,98467
"-z",98502,98502
"-z",98502,98502
"-z",98507,98507
"-z",98516,98516
"-z",98532,98532
"-z",98532,98532
"-z",98537,98537
"-z",98564,98564
"-z",98569,98569
"-z",98569,98569
"-z",98580,98580
"-z",98584,98584
"-z",98584,98584
"-z",98625,98625
"-z",98632,98632
"-z",98671,98671
"-z",98908,98908
"-z",98926,98926
"-z",98944,98944
"-z",99005,99005
"-z",99005,99005
"-z",99021,99021
"-z",99026,99026
"-z",99026,99026
"-z",99032,99032
"-z",99037,99037
"-z",99037,99037
"-z",99040,99040
"-z",99110,99110
"-z",99163,99163
"-z",99204,99204
"-z",99205,99205
"-z",99205,99205
"-z",99205,99205
"-z",99206,99206
"-z",99206,99206
"-z",99207,99207
"-z",99207,99207
"-z",99207,99207
"-z",99207,99207
"-z",99208,99208
"-z",99208,99208
"-z",99208,99208
"-z",99208,99208
"-z",99208,99208
"-z",99208,99208
"-z",99212,99212
"-z",99216,99216
"-z",99216,99216
"-z",99216,99216
"-z",99216,99216
"-z",99216,99216
"-z",99216,99216
"-z",99216,99216
"-z",99217,99217
"-z",99217,99217
"-z",99217,99217
"-z",99218,99218
"-z",99218,99218
"-z",99223,99223
"-z",99223,99223
"-z",99224,99224
"-z",99224,99224
"-z",99301,99301
"-z",99336,99336
"-z",99352,99352
"-z",99623,99623
"-z",99645,99645
